{
  "2.0": {
    "total_trades": 36,
    "wins": 18,
    "losses": 18,
    "win_rate": 50.0,
    "net_pnl": 122.80000000000001,
    "total_win_pnl": 258.40000000000003,
    "total_loss_pnl": 135.6,
    "profit_factor": 1.905604719764012,
    "avg_win": 14.355555555555558,
    "avg_loss": 7.533333333333333,
    "avg_hold_bars": -133.80555555555554,
    "rr_ratio": 2.0,
    "signals": 36,
    "signals_per_day": 1.2,
    "breakeven_wr": 33.333333333333336,
    "expectancy": 3.4111111111111114
  },
  "3.0": {
    "total_trades": 36,
    "wins": 15,
    "losses": 21,
    "win_rate": 41.66666666666667,
    "net_pnl": 218.80000000000004,
    "total_win_pnl": 362.7,
    "total_loss_pnl": 143.9,
    "profit_factor": 2.5205003474635164,
    "avg_win": 24.18,
    "avg_loss": 6.852380952380953,
    "avg_hold_bars": -106.33333333333333,
    "rr_ratio": 3.0,
    "signals": 36,
    "signals_per_day": 1.2,
    "breakeven_wr": 25.0,
    "expectancy": 6.077777777777779
  },
  "4.0": {
    "total_trades": 36,
    "wins": 13,
    "losses": 23,
    "win_rate": 36.11111111111111,
    "net_pnl": 292.20000000000005,
    "total_win_pnl": 445.59999999999997,
    "total_loss_pnl": 153.4,
    "profit_factor": 2.904823989569752,
    "avg_win": 34.276923076923076,
    "avg_loss": 6.6695652173913045,
    "avg_hold_bars": -114.58333333333333,
    "rr_ratio": 4.0,
    "signals": 36,
    "signals_per_day": 1.2,
    "breakeven_wr": 20.0,
    "expectancy": 8.116666666666667
  }
}